{
  "absorb": {
    "inherit": true,
    "pp": 20
  },
  "acid": {
    "inherit": true,
    "secondary": {
      "chance": 10,
      "boosts": {
        "defense": -1
      }
    }
  },
  "ancientpower": {
    "inherit": true,
    "flags": {
      "contact": 1,
      "protect": 1,
      "mirror": 1
    }
  },
  "astonish": {
    "inherit": true
  },
  "bide": {
    "inherit": true,
    "accuracy": 100,
    "priority": 0
  },
  "blizzard": {
    "inherit": true
  },
  "block": {
    "inherit": true,
    "accuracy": 100,
    "ignoreAccuracy": true
  },
  "charge": {
    "inherit": true,
    "boosts": null
  },
  "conversion": {
    "inherit": true
  },
  "counter": {
    "inherit": true
  },
  "covet": {
    "inherit": true,
    "flags": {
      "protect": 1,
      "mirror": 1
    }
  },
  "crunch": {
    "inherit": true,
    "secondary": {
      "chance": 20,
      "boosts": {
        "special-defense": -1
      }
    }
  },
  "dig": {
    "inherit": true,
    "basePower": 60
  },
  "disable": {
    "inherit": true,
    "accuracy": 55,
    "flags": {
      "protect": 1,
      "mirror": 1,
      "authentic": 1
    },
    "volatileStatus": "disable"
  },
  "dive": {
    "inherit": true,
    "basePower": 60
  },
  "doomdesire": {
    "inherit": true
  },
  "encore": {
    "inherit": true,
    "flags": {
      "protect": 1,
      "mirror": 1,
      "authentic": 1
    },
    "volatileStatus": "encore"
  },
  "extrasensory": {
    "inherit": true
  },
  "fakeout": {
    "inherit": true,
    "flags": {
      "protect": 1,
      "mirror": 1
    }
  },
  "feintattack": {
    "inherit": true,
    "flags": {
      "protect": 1,
      "mirror": 1
    }
  },
  "flash": {
    "inherit": true,
    "accuracy": 70
  },
  "fly": {
    "inherit": true,
    "basePower": 70
  },
  "furycutter": {
    "inherit": true
  },
  "gigadrain": {
    "inherit": true,
    "pp": 5
  },
  "glare": {
    "inherit": true,
    "ignoreImmunity": false
  },
  "hiddenpower": {
    "inherit": true,
    "basePower": 0,
    "category": "physical"
  },
  "highjumpkick": {
    "inherit": true,
    "basePower": 85
  },
  "hypnosis": {
    "inherit": true,
    "accuracy": 60
  },
  "jumpkick": {
    "inherit": true,
    "basePower": 70
  },
  "leafblade": {
    "inherit": true,
    "basePower": 70
  },
  "lockon": {
    "inherit": true,
    "accuracy": 100
  },
  "meanlook": {
    "inherit": true,
    "accuracy": 100,
    "ignoreAccuracy": true
  },
  "megadrain": {
    "inherit": true,
    "pp": 10
  },
  "mimic": {
    "inherit": true,
    "accuracy": 100,
    "ignoreAccuracy": true
  },
  "mirrorcoat": {
    "inherit": true
  },
  "mirrormove": {
    "inherit": true,
    "target": "self"
  },
  "naturepower": {
    "inherit": true,
    "accuracy": 95
  },
  "needlearm": {
    "inherit": true
  },
  "outrage": {
    "inherit": true,
    "basePower": 90
  },
  "overheat": {
    "inherit": true,
    "flags": {
      "contact": 1,
      "protect": 1,
      "mirror": 1
    }
  },
  "painsplit": {
    "inherit": true,
    "accuracy": 100,
    "ignoreAccuracy": true
  },
  "petaldance": {
    "inherit": true,
    "basePower": 70
  },
  "recover": {
    "inherit": true,
    "pp": 20
  },
  "rocksmash": {
    "inherit": true,
    "basePower": 20
  },
  "roleplay": {
    "inherit": true,
    "accuracy": 100,
    "ignoreAccuracy": true
  },
  "skillswap": {
    "inherit": true,
    "accuracy": 100,
    "ignoreAccuracy": true
  },
  "sleeptalk": {
    "inherit": true
  },
  "spiderweb": {
    "inherit": true,
    "accuracy": 100,
    "ignoreAccuracy": true
  },
  "spite": {
    "inherit": true
  },
  "stockpile": {
    "inherit": true,
    "pp": 10,
    "condition": {
      "noCopy": true
    }
  },
  "struggle": {
    "inherit": true,
    "accuracy": 100,
    "recoil": [
      1,
      4
    ],
    "struggleRecoil": false
  },
  "surf": {
    "inherit": true,
    "target": "allAdjacentFoes"
  },
  "taunt": {
    "inherit": true,
    "flags": {
      "protect": 1,
      "authentic": 1
    }
  },
  "teeterdance": {
    "inherit": true,
    "flags": {
      "protect": 1
    }
  },
  "tickle": {
    "inherit": true,
    "flags": {
      "protect": 1,
      "reflectable": 1,
      "mirror": 1,
      "authentic": 1
    }
  },
  "vinewhip": {
    "inherit": true,
    "pp": 10
  },
  "vitalthrow": {
    "inherit": true,
    "accuracy": 100,
    "ignoreAccuracy": true
  },
  "volttackle": {
    "inherit": true,
    "secondary": null
  },
  "waterfall": {
    "inherit": true,
    "secondary": null
  },
  "weatherball": {
    "inherit": true
  },
  "yawn": {
    "inherit": true,
    "accuracy": 100,
    "ignoreAccuracy": true
  },
  "zapcannon": {
    "inherit": true,
    "basePower": 100
  }
}