{
  "beatup": {
    "basePower": 10
  },
  "bulletseed": {
    "basePower": 10
  },
  "covet": {
    "basePower": 40
  },
  "doomdesire": {
    "basePower": 120,
    "accuracy": 85
  },
  "drainpunch": {
    "basePower": 60
  },
  "feint": {
    "basePower": 50
  },
  "firespin": {
    "basePower": 15,
    "accuracy": 70
  },
  "furycutter": {
    "basePower": 10
  },
  "futuresight": {
    "basePower": 80,
    "accuracy": 90
  },
  "gigadrain": {
    "basePower": 60
  },
  "highjumpkick": {
    "basePower": 100
  },
  "iciclespear": {
    "basePower": 10
  },
  "jumpkick": {
    "basePower": 85
  },
  "lastresort": {
    "basePower": 130
  },
  "petaldance": {
    "basePower": 90
  },
  "sandtomb": {
    "basePower": 15,
    "accuracy": 70
  },
  "tackle": {
    "basePower": 35
  },
  "thrash": {
    "basePower": 90
  },
  "uproar": {
    "basePower": 50
  },
  "whirlpool": {
    "basePower": 15,
    "accuracy": 70
  },
  "bind": {
    "accuracy": 75
  },
  "bonerush": {
    "accuracy": 80
  },
  "clamp": {
    "accuracy": 75
  },
  "cottonspore": {
    "accuracy": 85
  },
  "crabhammer": {
    "accuracy": 85
  },
  "disable": {
    "accuracy": 80
  },
  "glare": {
    "accuracy": 75
  },
  "magmastorm": {
    "accuracy": 70
  },
  "poisongas": {
    "accuracy": 55
  },
  "rockblast": {
    "accuracy": 80
  },
  "scaryface": {
    "accuracy": 90
  },
  "toxic": {
    "accuracy": 85
  },
  "wrap": {
    "accuracy": 85
  }
}