{
  "butterfree": {
    "baseStats": {
      "hp": 60,
      "attack": 45,
      "defense": 50,
      "special-attack": 80,
      "special-defense": 80,
      "speed": 70
    }
  },
  "beedrill": {
    "baseStats": {
      "hp": 65,
      "attack": 80,
      "defense": 40,
      "special-attack": 45,
      "special-defense": 80,
      "speed": 75
    }
  },
  "pidgeot": {
    "baseStats": {
      "hp": 83,
      "attack": 80,
      "defense": 75,
      "special-attack": 70,
      "special-defense": 70,
      "speed": 91
    }
  },
  "pikachu": {
    "baseStats": {
      "hp": 35,
      "attack": 55,
      "defense": 30,
      "special-attack": 50,
      "special-defense": 40,
      "speed": 90
    }
  },
  "raichu": {
    "baseStats": {
      "hp": 60,
      "attack": 90,
      "defense": 55,
      "special-attack": 90,
      "special-defense": 80,
      "speed": 100
    }
  },
  "nidoqueen": {
    "baseStats": {
      "hp": 90,
      "attack": 82,
      "defense": 87,
      "special-attack": 75,
      "special-defense": 85,
      "speed": 76
    }
  },
  "nidoking": {
    "baseStats": {
      "hp": 81,
      "attack": 92,
      "defense": 77,
      "special-attack": 85,
      "special-defense": 75,
      "speed": 85
    }
  },
  "clefairy": {
    "types": [
      "normal"
    ]
  },
  "clefable": {
    "types": [
      "normal"
    ],
    "baseStats": {
      "hp": 95,
      "attack": 70,
      "defense": 73,
      "special-attack": 85,
      "special-defense": 90,
      "speed": 60
    }
  },
  "jigglypuff": {
    "types": [
      "normal"
    ],
    "abilities": {
      "0": "Cute Charm",
      "H": "Friend Guard"
    }
  },
  "wigglytuff": {
    "types": [
      "normal"
    ],
    "baseStats": {
      "hp": 140,
      "attack": 70,
      "defense": 45,
      "special-attack": 75,
      "special-defense": 50,
      "speed": 45
    },
    "abilities": {
      "0": "Cute Charm",
      "H": "Frisk"
    }
  },
  "vileplume": {
    "baseStats": {
      "hp": 75,
      "attack": 80,
      "defense": 85,
      "special-attack": 100,
      "special-defense": 90,
      "speed": 50
    }
  },
  "poliwrath": {
    "baseStats": {
      "hp": 90,
      "attack": 85,
      "defense": 95,
      "special-attack": 70,
      "special-defense": 90,
      "speed": 70
    }
  },
  "alakazam": {
    "baseStats": {
      "hp": 55,
      "attack": 50,
      "defense": 45,
      "special-attack": 135,
      "special-defense": 85,
      "speed": 120
    }
  },
  "victreebel": {
    "baseStats": {
      "hp": 80,
      "attack": 105,
      "defense": 65,
      "special-attack": 100,
      "special-defense": 60,
      "speed": 70
    }
  },
  "golem": {
    "baseStats": {
      "hp": 80,
      "attack": 110,
      "defense": 130,
      "special-attack": 55,
      "special-defense": 65,
      "speed": 45
    }
  },
  "mrmime": {
    "types": [
      "psychic"
    ]
  },
  "articuno": {
    "abilities": {
      "0": "Pressure"
    }
  },
  "zapdos": {
    "abilities": {
      "0": "Pressure"
    }
  },
  "moltres": {
    "abilities": {
      "0": "Pressure"
    }
  },
  "chikorita": {
    "abilities": {
      "0": "Overgrow"
    }
  },
  "bayleef": {
    "abilities": {
      "0": "Overgrow"
    }
  },
  "meganium": {
    "abilities": {
      "0": "Overgrow"
    }
  },
  "cyndaquil": {
    "abilities": {
      "0": "Blaze"
    }
  },
  "quilava": {
    "abilities": {
      "0": "Blaze"
    }
  },
  "typhlosion": {
    "abilities": {
      "0": "Blaze"
    }
  },
  "totodile": {
    "abilities": {
      "0": "Torrent"
    }
  },
  "croconaw": {
    "abilities": {
      "0": "Torrent"
    }
  },
  "feraligatr": {
    "abilities": {
      "0": "Torrent"
    }
  },
  "igglybuff": {
    "types": [
      "normal"
    ],
    "abilities": {
      "0": "Cute Charm",
      "H": "Friend Guard"
    }
  },
  "togepi": {
    "types": [
      "normal"
    ]
  },
  "togetic": {
    "types": [
      "normal",
      "flying"
    ]
  },
  "cleffa": {
    "types": [
      "normal"
    ]
  },
  "ampharos": {
    "baseStats": {
      "hp": 90,
      "attack": 75,
      "defense": 75,
      "special-attack": 115,
      "special-defense": 90,
      "speed": 55
    }
  },
  "bellossom": {
    "baseStats": {
      "hp": 75,
      "attack": 80,
      "defense": 85,
      "special-attack": 90,
      "special-defense": 100,
      "speed": 50
    }
  },
  "marill": {
    "types": [
      "water"
    ]
  },
  "azumarill": {
    "types": [
      "water"
    ],
    "baseStats": {
      "hp": 100,
      "attack": 50,
      "defense": 80,
      "special-attack": 50,
      "special-defense": 80,
      "speed": 50
    }
  },
  "jumpluff": {
    "baseStats": {
      "hp": 75,
      "attack": 55,
      "defense": 70,
      "special-attack": 55,
      "special-defense": 85,
      "speed": 110
    }
  },
  "snubbull": {
    "types": [
      "normal"
    ]
  },
  "granbull": {
    "types": [
      "normal"
    ]
  },
  "raikou": {
    "abilities": {
      "0": "Pressure"
    }
  },
  "entei": {
    "abilities": {
      "0": "Pressure"
    }
  },
  "suicune": {
    "abilities": {
      "0": "Pressure"
    }
  },
  "beautifly": {
    "baseStats": {
      "hp": 60,
      "attack": 70,
      "defense": 50,
      "special-attack": 90,
      "special-defense": 50,
      "speed": 65
    }
  },
  "ralts": {
    "types": [
      "psychic"
    ]
  },
  "kirlia": {
    "types": [
      "psychic"
    ]
  },
  "gardevoir": {
    "types": [
      "psychic"
    ]
  },
  "exploud": {
    "baseStats": {
      "hp": 104,
      "attack": 91,
      "defense": 63,
      "special-attack": 91,
      "special-defense": 63,
      "speed": 68
    }
  },
  "azurill": {
    "types": [
      "normal"
    ]
  },
  "mawile": {
    "types": [
      "steel"
    ]
  },
  "plusle": {
    "abilities": {
      "0": "Plus"
    }
  },
  "minun": {
    "abilities": {
      "0": "Minus"
    }
  },
  "kecleon": {
    "abilities": {
      "0": "Color Change"
    }
  },
  "milotic": {
    "abilities": {
      "0": "Marvel Scale",
      "H": "Cute Charm"
    }
  },
  "duskull": {
    "abilities": {
      "0": "Levitate"
    }
  },
  "dusclops": {
    "abilities": {
      "0": "Pressure"
    }
  },
  "regirock": {
    "abilities": {
      "0": "Clear Body"
    }
  },
  "regice": {
    "abilities": {
      "0": "Clear Body"
    }
  },
  "registeel": {
    "abilities": {
      "0": "Clear Body"
    }
  },
  "starly": {
    "abilities": {
      "0": "Keen Eye"
    }
  },
  "staraptor": {
    "baseStats": {
      "hp": 85,
      "attack": 120,
      "defense": 70,
      "special-attack": 50,
      "special-defense": 50,
      "speed": 100
    }
  },
  "roserade": {
    "baseStats": {
      "hp": 60,
      "attack": 70,
      "defense": 55,
      "special-attack": 125,
      "special-defense": 105,
      "speed": 90
    }
  },
  "mimejr": {
    "types": [
      "psychic"
    ]
  },
  "togekiss": {
    "types": [
      "normal",
      "flying"
    ]
  },
  "dusknoir": {
    "abilities": {
      "0": "Pressure"
    }
  },
  "heatran": {
    "abilities": {
      "0": "Flash Fire"
    }
  },
  "snivy": {
    "abilities": {
      "0": "Overgrow"
    }
  },
  "servine": {
    "abilities": {
      "0": "Overgrow"
    }
  },
  "serperior": {
    "abilities": {
      "0": "Overgrow"
    }
  },
  "tepig": {
    "abilities": {
      "0": "Blaze"
    }
  },
  "pignite": {
    "abilities": {
      "0": "Blaze"
    }
  },
  "emboar": {
    "abilities": {
      "0": "Blaze"
    }
  },
  "oshawott": {
    "abilities": {
      "0": "Torrent"
    }
  },
  "dewott": {
    "abilities": {
      "0": "Torrent"
    }
  },
  "samurott": {
    "abilities": {
      "0": "Torrent"
    }
  },
  "stoutland": {
    "baseStats": {
      "hp": 85,
      "attack": 100,
      "defense": 90,
      "special-attack": 45,
      "special-defense": 90,
      "speed": 80
    }
  },
  "unfezant": {
    "baseStats": {
      "hp": 80,
      "attack": 105,
      "defense": 80,
      "special-attack": 65,
      "special-defense": 55,
      "speed": 93
    }
  },
  "gigalith": {
    "baseStats": {
      "hp": 85,
      "attack": 135,
      "defense": 130,
      "special-attack": 60,
      "special-defense": 70,
      "speed": 25
    }
  },
  "seismitoad": {
    "baseStats": {
      "hp": 105,
      "attack": 85,
      "defense": 75,
      "special-attack": 85,
      "special-defense": 75,
      "speed": 74
    }
  },
  "leavanny": {
    "baseStats": {
      "hp": 75,
      "attack": 103,
      "defense": 80,
      "special-attack": 70,
      "special-defense": 70,
      "speed": 92
    }
  },
  "venipede": {
    "abilities": {
      "0": "Poison Point",
      "1": "Swarm",
      "H": "Quick Feet"
    }
  },
  "whirlipede": {
    "abilities": {
      "0": "Poison Point",
      "1": "Swarm",
      "H": "Quick Feet"
    }
  },
  "scolipede": {
    "baseStats": {
      "hp": 60,
      "attack": 90,
      "defense": 89,
      "special-attack": 55,
      "special-defense": 69,
      "speed": 112
    },
    "abilities": {
      "0": "Poison Point",
      "1": "Swarm",
      "H": "Quick Feet"
    }
  },
  "cottonee": {
    "types": [
      "grass"
    ]
  },
  "whimsicott": {
    "types": [
      "grass"
    ]
  },
  "krookodile": {
    "baseStats": {
      "hp": 95,
      "attack": 117,
      "defense": 70,
      "special-attack": 65,
      "special-defense": 70,
      "speed": 92
    }
  },
  "gothita": {
    "abilities": {
      "0": "Frisk"
    }
  },
  "gothorita": {
    "abilities": {
      "0": "Frisk",
      "H": "Shadow Tag"
    }
  },
  "gothitelle": {
    "abilities": {
      "0": "Frisk",
      "H": "Shadow Tag"
    }
  },
  "ferrothorn": {
    "abilities": {
      "0": "Iron Barbs"
    }
  },
  "klink": {
    "abilities": {
      "0": "Plus",
      "1": "Minus"
    }
  },
  "litwick": {
    "abilities": {
      "0": "Flash Fire",
      "1": "Flame Body"
    }
  },
  "lampent": {
    "abilities": {
      "0": "Flash Fire",
      "1": "Flame Body"
    }
  },
  "chandelure": {
    "abilities": {
      "0": "Flash Fire",
      "1": "Flame Body"
    }
  },
  "rufflet": {
    "abilities": {
      "0": "Keen Eye",
      "1": "Sheer Force"
    }
  },
  "larvesta": {
    "abilities": {
      "0": "Flame Body"
    }
  },
  "volcarona": {
    "abilities": {
      "0": "Flame Body"
    }
  }
}