{
  "aircutter": {
    "basePower": 55
  },
  "assurance": {
    "basePower": 50
  },
  "aurasphere": {
    "basePower": 90
  },
  "blizzard": {
    "basePower": 120
  },
  "bubble": {
    "basePower": 20
  },
  "chatter": {
    "basePower": 60
  },
  "crabhammer": {
    "basePower": 90
  },
  "dracometeor": {
    "basePower": 140
  },
  "dragonpulse": {
    "basePower": 90
  },
  "energyball": {
    "basePower": 80
  },
  "fireblast": {
    "basePower": 120
  },
  "firepledge": {
    "basePower": 50
  },
  "flamethrower": {
    "basePower": 95
  },
  "frostbreath": {
    "basePower": 40
  },
  "furycutter": {
    "basePower": 20
  },
  "futuresight": {
    "basePower": 100
  },
  "glare": {
    "accuracy": 90
  },
  "grasspledge": {
    "basePower": 50
  },
  "gunkshot": {
    "accuracy": 70
  },
  "heatwave": {
    "basePower": 100
  },
  "hex": {
    "basePower": 50
  },
  "hurricane": {
    "basePower": 120
  },
  "hydropump": {
    "basePower": 120
  },
  "icebeam": {
    "basePower": 95
  },
  "incinerate": {
    "basePower": 30
  },
  "knockoff": {
    "basePower": 20
  },
  "leafstorm": {
    "basePower": 140
  },
  "lick": {
    "basePower": 20
  },
  "lowsweep": {
    "basePower": 60
  },
  "magmastorm": {
    "basePower": 120
  },
  "meteormash": {
    "basePower": 100,
    "accuracy": 85
  },
  "muddywater": {
    "basePower": 95
  },
  "overheat": {
    "basePower": 140
  },
  "pinmissile": {
    "basePower": 14,
    "accuracy": 85
  },
  "powergem": {
    "basePower": 70
  },
  "rocktomb": {
    "basePower": 50,
    "accuracy": 80
  },
  "skullbash": {
    "basePower": 100
  },
  "smellingsalts": {
    "basePower": 60
  },
  "smog": {
    "basePower": 20
  },
  "snore": {
    "basePower": 40
  },
  "stormthrow": {
    "basePower": 40
  },
  "strugglebug": {
    "basePower": 30
  },
  "surf": {
    "basePower": 95
  },
  "synchronoise": {
    "basePower": 70
  },
  "technoblast": {
    "basePower": 85
  },
  "thief": {
    "basePower": 40
  },
  "thunder": {
    "basePower": 120
  },
  "thunderbolt": {
    "basePower": 95
  },
  "vinewhip": {
    "basePower": 35
  },
  "wakeupslap": {
    "basePower": 60
  },
  "waterpledge": {
    "basePower": 50
  },
  "poisongas": {
    "accuracy": 80
  },
  "psychoshift": {
    "accuracy": 90
  },
  "psywave": {
    "accuracy": 80
  },
  "roar": {
    "accuracy": 100
  },
  "whirlwind": {
    "accuracy": 100
  },
  "willowisp": {
    "accuracy": 75
  },
  "poisonfang": {
    "secondary": {
      "chance": 30,
      "status": "tox"
    }
  }
}