{
  "charizardmegax": {
    "color": "Red"
  },
  "arbok": {
    "baseStats": {
      "hp": 60,
      "attack": 85,
      "defense": 69,
      "special-attack": 65,
      "special-defense": 79,
      "speed": 80
    }
  },
  "dugtrio": {
    "baseStats": {
      "hp": 35,
      "attack": 80,
      "defense": 50,
      "special-attack": 50,
      "special-defense": 70,
      "speed": 120
    }
  },
  "alakazammega": {
    "baseStats": {
      "hp": 55,
      "attack": 50,
      "defense": 65,
      "special-attack": 175,
      "special-defense": 95,
      "speed": 150
    }
  },
  "farfetchd": {
    "baseStats": {
      "hp": 52,
      "attack": 65,
      "defense": 55,
      "special-attack": 58,
      "special-defense": 62,
      "speed": 60
    }
  },
  "dodrio": {
    "baseStats": {
      "hp": 60,
      "attack": 110,
      "defense": 70,
      "special-attack": 60,
      "special-defense": 60,
      "speed": 100
    }
  },
  "gengar": {
    "abilities": {
      "0": "Levitate"
    }
  },
  "electrode": {
    "baseStats": {
      "hp": 60,
      "attack": 50,
      "defense": 70,
      "special-attack": 80,
      "special-defense": 80,
      "speed": 140
    }
  },
  "exeggutor": {
    "baseStats": {
      "hp": 95,
      "attack": 95,
      "defense": 85,
      "special-attack": 125,
      "special-defense": 65,
      "speed": 55
    }
  },
  "noctowl": {
    "baseStats": {
      "hp": 100,
      "attack": 50,
      "defense": 50,
      "special-attack": 76,
      "special-defense": 96,
      "speed": 70
    }
  },
  "ariados": {
    "baseStats": {
      "hp": 70,
      "attack": 90,
      "defense": 70,
      "special-attack": 60,
      "special-defense": 60,
      "speed": 40
    }
  },
  "qwilfish": {
    "baseStats": {
      "hp": 65,
      "attack": 95,
      "defense": 75,
      "special-attack": 55,
      "special-defense": 55,
      "speed": 85
    }
  },
  "magcargo": {
    "baseStats": {
      "hp": 50,
      "attack": 50,
      "defense": 120,
      "special-attack": 80,
      "special-defense": 80,
      "speed": 30
    }
  },
  "corsola": {
    "baseStats": {
      "hp": 55,
      "attack": 55,
      "defense": 85,
      "special-attack": 65,
      "special-defense": 85,
      "speed": 35
    }
  },
  "mantine": {
    "baseStats": {
      "hp": 65,
      "attack": 40,
      "defense": 70,
      "special-attack": 80,
      "special-defense": 140,
      "speed": 70
    }
  },
  "raikou": {
    "abilities": {
      "0": "Pressure"
    }
  },
  "entei": {
    "abilities": {
      "0": "Pressure"
    }
  },
  "suicune": {
    "abilities": {
      "0": "Pressure"
    }
  },
  "swellow": {
    "baseStats": {
      "hp": 60,
      "attack": 85,
      "defense": 60,
      "special-attack": 50,
      "special-defense": 50,
      "speed": 125
    }
  },
  "wingull": {
    "abilities": {
      "0": "Keen Eye",
      "H": "Rain Dish"
    }
  },
  "pelipper": {
    "baseStats": {
      "hp": 60,
      "attack": 50,
      "defense": 100,
      "special-attack": 85,
      "special-defense": 70,
      "speed": 65
    },
    "abilities": {
      "0": "Keen Eye",
      "H": "Rain Dish"
    }
  },
  "masquerain": {
    "baseStats": {
      "hp": 70,
      "attack": 60,
      "defense": 62,
      "special-attack": 80,
      "special-defense": 82,
      "speed": 60
    }
  },
  "delcatty": {
    "baseStats": {
      "hp": 70,
      "attack": 65,
      "defense": 65,
      "special-attack": 55,
      "special-defense": 55,
      "speed": 70
    }
  },
  "volbeat": {
    "baseStats": {
      "hp": 65,
      "attack": 73,
      "defense": 55,
      "special-attack": 47,
      "special-defense": 75,
      "speed": 85
    },
    "abilities": {
      "0": "Illuminate",
      "1": "Swarm",
      "H": "Prankster"
    }
  },
  "illumise": {
    "baseStats": {
      "hp": 65,
      "attack": 47,
      "defense": 55,
      "special-attack": 73,
      "special-defense": 75,
      "speed": 85
    }
  },
  "torkoal": {
    "abilities": {
      "0": "White Smoke",
      "H": "Shell Armor"
    }
  },
  "lunatone": {
    "baseStats": {
      "hp": 70,
      "attack": 55,
      "defense": 65,
      "special-attack": 95,
      "special-defense": 85,
      "speed": 70
    }
  },
  "solrock": {
    "baseStats": {
      "hp": 70,
      "attack": 95,
      "defense": 85,
      "special-attack": 55,
      "special-defense": 65,
      "speed": 70
    }
  },
  "castform": {
    "color": "White"
  },
  "castformsunny": {
    "color": "White"
  },
  "castformrainy": {
    "color": "White"
  },
  "chimecho": {
    "baseStats": {
      "hp": 65,
      "attack": 50,
      "defense": 70,
      "special-attack": 95,
      "special-defense": 80,
      "speed": 65
    }
  },
  "latiasmega": {
    "color": "Red"
  },
  "latiosmega": {
    "color": "Blue"
  },
  "burmy": {
    "color": "Gray"
  },
  "wormadam": {
    "color": "Gray"
  },
  "wormadamsandy": {
    "color": "Gray"
  },
  "wormadamtrash": {
    "color": "Gray"
  },
  "cherrim": {
    "color": "Pink"
  },
  "heatran": {
    "abilities": {
      "0": "Flash Fire"
    }
  },
  "arceus": {
    "color": "Gray"
  },
  "roggenrola": {
    "abilities": {
      "0": "Sturdy",
      "H": "Sand Force"
    }
  },
  "boldore": {
    "abilities": {
      "0": "Sturdy",
      "H": "Sand Force"
    }
  },
  "gigalith": {
    "abilities": {
      "0": "Sturdy",
      "H": "Sand Force"
    }
  },
  "woobat": {
    "baseStats": {
      "hp": 55,
      "attack": 45,
      "defense": 43,
      "special-attack": 55,
      "special-defense": 43,
      "speed": 72
    }
  },
  "audinomega": {
    "color": "Pink"
  },
  "darmanitanzen": {
    "color": "Red"
  },
  "crustle": {
    "baseStats": {
      "hp": 70,
      "attack": 95,
      "defense": 125,
      "special-attack": 65,
      "special-defense": 75,
      "speed": 45
    }
  },
  "vanillite": {
    "abilities": {
      "0": "Ice Body",
      "H": "Weak Armor"
    }
  },
  "vanillish": {
    "abilities": {
      "0": "Ice Body",
      "H": "Weak Armor"
    }
  },
  "vanilluxe": {
    "abilities": {
      "0": "Ice Body",
      "H": "Weak Armor"
    }
  },
  "deerling": {
    "color": "Yellow"
  },
  "cubchoo": {
    "abilities": {
      "0": "Snow Cloak",
      "H": "Rattled"
    }
  },
  "beartic": {
    "baseStats": {
      "hp": 95,
      "attack": 110,
      "defense": 80,
      "special-attack": 70,
      "special-defense": 80,
      "speed": 50
    },
    "abilities": {
      "0": "Snow Cloak",
      "H": "Swift Swim"
    }
  },
  "cryogonal": {
    "baseStats": {
      "hp": 70,
      "attack": 50,
      "defense": 30,
      "special-attack": 95,
      "special-defense": 135,
      "speed": 105
    }
  },
  "greninja": {
    "abilities": {
      "0": "Torrent",
      "H": "Protean"
    }
  },
  "vivillon": {
    "color": "Black"
  },
  "meowstic": {
    "color": "White"
  },
  "pumpkaboosmall": {
    "abilities": {
      "0": "Pickup",
      "1": "Frisk"
    }
  },
  "pumpkaboolarge": {
    "abilities": {
      "0": "Pickup",
      "1": "Frisk"
    }
  },
  "gourgeistsmall": {
    "abilities": {
      "0": "Pickup",
      "1": "Frisk"
    }
  },
  "gourgeistlarge": {
    "abilities": {
      "0": "Pickup",
      "1": "Frisk"
    }
  },
  "zygarde": {
    "abilities": {
      "0": "Aura Break"
    }
  },
  "necturna": {
    "baseStats": {
      "hp": 64,
      "attack": 120,
      "defense": 100,
      "special-attack": 85,
      "special-defense": 120,
      "speed": 81
    }
  },
  "aurumoth": {
    "abilities": {
      "0": "Weak Armor",
      "1": "No Guard",
      "H": "Illusion"
    }
  },
  "malaconda": {
    "abilities": {
      "0": "Harvest",
      "1": "Infiltrator"
    }
  },
  "naviathan": {
    "abilities": {
      "0": "Water Veil",
      "1": "Heatproof",
      "H": "Light Metal"
    }
  },
  "crucibellemega": {
    "baseStats": {
      "hp": 106,
      "attack": 135,
      "defense": 75,
      "special-attack": 85,
      "special-defense": 125,
      "speed": 114
    }
  },
  "syclant": {
    "abilities": {
      "0": "Compound Eyes",
      "1": "Mountaineer"
    }
  },
  "revenankh": {
    "abilities": {
      "0": "Shed Skin",
      "1": "Air Lock"
    }
  },
  "pyroak": {
    "abilities": {
      "0": "Rock Head",
      "1": "Battle Armor"
    }
  },
  "fidgit": {
    "abilities": {
      "0": "Persistent",
      "1": "Vital Spirit"
    }
  },
  "stratagem": {
    "abilities": {
      "0": "Levitate",
      "1": "Technician"
    }
  },
  "arghonaut": {
    "abilities": {
      "0": "Unaware"
    }
  },
  "kitsunoh": {
    "abilities": {
      "0": "Frisk",
      "1": "Limber"
    }
  },
  "cyclohm": {
    "abilities": {
      "0": "Shield Dust",
      "1": "Static"
    }
  },
  "colossoil": {
    "abilities": {
      "0": "Rebound",
      "1": "Guts"
    }
  },
  "krilowatt": {
    "abilities": {
      "0": "Trace",
      "1": "Magic Guard"
    }
  },
  "voodoom": {
    "abilities": {
      "0": "Volt Absorb",
      "1": "Lightning Rod"
    }
  }
}