{
  "diamondstorm": {
    "secondary": {
      "chance": 50,
      "self": {
          "boosts": {
              "defense": 1
          }
      }
    }
  },
  "watershuriken": {
    "category": "physical"
  },
  "thunderwave": {
    "accuracy": true
  },
  "darkvoid": {
    "accuracy": 80
  },
  "swagger": {
    "accuracy": 90
  },
  "fellstinger": {
    "basePower": 30
  },
  "flyingpress": {
    "basePower": 80
  },
  "leechlife": {
    "basePower": 20
  },
  "mysticalfire": {
    "basePower": 65
  },
  "paraboliccharge": {
    "basePower": 50
  },
  "suckerpunch": {
    "basePower": 80
  },
  "tackle": {
    "basePower": 50
  }
}