{
  "cresselia": {
    "baseStats": {
        "hp": 120,
        "attack": 70,
        "defense": 120,
        "special-attack": 75,
        "special-defense": 130,
        "speed": 85
    }
  },
  "zacian": {
    "baseStats": {
      "hp": 92,
      "attack": 130,
      "defense": 115,
      "special-attack": 80,
      "special-defense": 115,
      "speed": 138
    }
  },
  "zaciancrowned": {
    "baseStats": {
      "hp": 92,
      "attack": 170,
      "defense": 115,
      "special-attack": 80,
      "special-defense": 115,
      "speed": 148
    }
  },
  "zamazenta": {
    "baseStats": {
      "hp": 92,
      "attack": 130,
      "defense": 115,
      "special-attack": 80,
      "special-defense": 115,
      "speed": 138
    }
  },
  "zamazentacrowned": {
    "baseStats": {
      "hp": 92,
      "attack": 130,
      "defense": 145,
      "special-attack": 80,
      "special-defense": 145,
      "speed": 128
    }
  }
}